Id ,Motion - Homework,Units - Recap Quiz,Units and Prefixes - Grade 9 - Quiz,Measurements Homework ,Displacement - Construction ,Measurements - Cambridge Grade 9,Motion Equations and Graphs,Hookes Law - Graph,Motion Equations and Graphs - Exam,Moments - Worksheet,Forces and Moments - Cambridge,Thermal Physics Assignment,Sound and Electromagnetism,Static Electricity - Grade 10 Cambridge,Electrical Quantities Exam,Mock 1 - P4,Mock 2 - P4
123abc,12,52,88,39,41,43,58,93,4,48,28,86,35,99,73,99,47
456def,78,83,24,18,90,18,15,13,58,8,47,47,77,99,70,71,55
789ghi,63,98,94,45,57,9,89,67,65,31,8,37,58,1,22,38,95
101jkl,67,92,58,15,16,5,26,98,55,32,81,97,90,22,44,65,97
112mno,93,97,15,22,50,10,40,10,38,8,96,49,69,17,95,25,52
123pqr,80,52,84,90,69,98,82,31,12,65,12,13,7,39,56,3,97
134stu,15,100,86,7,55,92,13,14,30,39,66,30,48,74,99,86,50
145vwx,8,2,47,39,2,55,33,27,31,53,52,83,43,83,13,1,56
156yz,15,97,85,37,55,38,9,97,22,34,51,21,10,50,42,55,50
167abc,45,100,31,66,76,52,51,80,36,78,98,55,62,54,36,66,48
178def,36,25,18,57,66,41,50,5,82,59,10,53,41,3,16,77,23
189ghi,58,91,25,34,29,31,15,11,36,65,77,84,42,64,85,47,13
190jkl,96,97,81,53,10,97,39,78,18,72,80,19,45,46,32,54,19
201mno,26,31,68,77,87,51,69,10,55,44,47,52,1,95,23,75,1
212pqr,97,59,35,31,42,82,83,29,10,33,20,92,66,86,88,55,75
223stu,62,79,96,24,39,20,64,21,30,54,4,75,95,66,100,53,43
234vwx,22,32,14,81,6,22,90,54,11,92,79,73,12,42,73,58,88
245yz,75,29,44,26,41,45,41,66,75,47,45,48,1,88,73,92,100
256abc,20,12,93,24,98,95,63,48,99,39,82,7,46,86,7,4,17
267def,35,60,76,19,17,40,53,86,85,29,100,17,98,40,42,19,89
123abc,8,65,74,99,81,72,97,25,66,93,37,27,67,32,10,4,21
456def,74,71,81,40,30,51,22,45,20,10,44,69,35,38,78,22,69
789ghi,28,58,21,49,9,38,13,56,62,27,39,65,2,75,23,47,10
101jkl,34,80,32,15,64,9,42,23,97,34,28,88,15,100,23,61,74
112mno,64,23,59,45,13,99,100,33,75,48,63,4,33,88,66,37,65
123pqr,28,38,8,75,47,70,21,29,48,76,46,18,85,16,43,27,79
134stu,36,73,44,82,77,78,47,33,61,85,38,31,69,74,89,19,7
145vwx,71,4,1,16,39,56,76,30,58,37,58,73,87,54,37,74,40
156yz,53,24,8,45,19,93,8,75,7,46,72,71,85,46,80,25,80
167abc,29,52,37,54,98,75,92,27,54,21,86,57,19,85,28,12,95
178def,93,34,53,61,92,47,87,100,9,52,55,31,47,40,95,41,16
123abc,13,67,22,41,98,38,25,100,34,32,14,47,22,16,73,89,54
456def,40,97,60,83,8,91,55,62,77,63,57,92,4,53,8,5,58
789ghi,57,48,14,30,55,22,24,56,72,40,67,95,100,35,1,10,27
101jkl,49,75,28,4,32,73,6,24,86,38,65,79,98,86,5,82,92
112mno,64,59,86,77,48,78,76,79,80,66,65,31,4,53,54,79,32
123pqr,80,29,21,16,6,65,27,62,88,1,72,33,35,90,62,12,37
134stu,36,19,72,46,5,56,25,5,49,51,47,41,94,15,6,41,33
145vwx,79,58,99,37,93,38,89,55,80,42,64,15,4,43,84,63,95
156yz,15,40,42,55,86,64,70,69,5,55,57,97,14,61,63,100,70
167abc,89,10,60,4,80,85,17,50,17,16,40,23,83,78,44,70,24
178def,23,57,69,56,56,51,24,37,29,6,81,79,60,7,74,86,95
189ghi,100,94,90,86,61,45,81,5,55,88,79,13,71,8,16,28,36
190jkl,82,46,59,94,99,34,59,98,80,78,99,12,27,92,52,38,98
201mno,7,78,72,30,76,34,49,31,78,16,98,44,49,21,50,39,100
212pqr,19,35,67,35,42,29,27,83,8,6,65,79,11,92,16,69,32
123abc,12,6,80,33,53,33,53,58,32,25,3,59,90,7,7,66,97
456def,10,81,95,57,66,47,94,19,77,40,58,91,50,16,63,45,72
789ghi,92,59,10,81,50,82,59,6,59,85,69,42,1,6,19,38,42
101jkl,37,39,25,17,36,94,50,2,69,8,44,77,95,67,62,31,55
112mno,94,76,83,99,49,69,40,2,83,95,84,80,80,73,45,20,56
123pqr,32,40,9,28,27,7,78,17,67,47,3,85,37,58,7,35,55
134stu,13,36,13,34,61,94,71,57,42,16,60,38,19,79,89,51,72
145vwx,54,38,82,66,44,27,57,96,88,15,32,6,13,90,43,5,89
156yz,39,17,42,45,20,50,78,44,68,42,44,83,3,26,53,6,63
167abc,57,11,3,78,5,80,44,37,59,76,14,99,1,99,77,18,38
178def,43,97,72,55,100,40,49,27,83,48,75,62,51,24,24,83,8
189ghi,42,46,13,57,69,86,10,67,31,53,44,31,3,25,61,66,96
190jkl,38,52,75,10,52,11,25,21,73,30,58,10,28,54,40,96,88
201mno,44,19,43,74,12,8,73,70,54,60,77,87,46,84,65,90,30
212pqr,35,40,35,10,24,32,62,19,32,61,4,61,84,93,37,39,21
223stu,1,19,85,42,17,80,21,16,22,98,29,60,72,35,13,95,61
234vwx,47,91,41,4,17,60,41,10,100,51,32,95,70,99,93,58,62
245yz,15,38,51,39,77,81,40,26,22,82,58,16,93,66,1,19,20
256abc,45,88,88,38,5,24,34,57,18,47,4,98,17,30,64,54,56
267def,16,60,51,30,79,76,86,84,78,49,44,89,96,8,57,85,2
123abc,14,80,48,95,76,51,72,42,27,20,9,61,71,26,55,46,95
456def,68,94,47,67,11,43,29,66,89,23,73,98,48,48,59,84,99
789ghi,88,19,58,57,54,100,65,13,98,51,52,59,8,71,10,49,21
101jkl,36,78,4,29,86,21,1,30,10,2,62,23,55,33,89,82,3
112mno,36,88,14,13,34,7,12,4,64,92,9,86,38,37,97,45,5
123pqr,36,8,30,42,80,69,34,98,33,44,61,12,82,18,25,39,51
134stu,34,33,33,12,14,17,34,56,71,19,3,66,71,30,15,70,27
145vwx,36,22,84,82,35,2,82,11,89,36,19,2,44,49,35,28,32
156yz,77,18,76,94,1,62,64,96,85,22,74,12,93,44,97,11,97
167abc,40,80,44,46,76,26,45,24,70,45,74,16,11,89,32,100,76
178def,43,79,3,11,89,83,16,15,87,3,19,38,68,84,45,87,29
123abc,42,58,100,36,14,82,45,64,99,68,4,63,37,40,11,21,55
456def,71,100,97,13,98,35,72,52,51,45,14,22,97,82,17,39,15
789ghi,97,24,58,63,79,95,67,31,16,40,90,44,83,76,13,77,92
101jkl,59,27,11,72,96,87,5,26,25,90,25,84,32,62,42,75,69
112mno,99,93,28,50,47,60,48,62,62,19,85,91,45,81,34,19,31
123pqr,17,70,70,46,32,52,21,85,17,14,97,49,44,11,36,12,16
134stu,6,33,38,27,2,96,21,72,18,45,71,38,13,41,13,40,82
145vwx,66,8,88,92,39,7,66,41,40,63,62,51,17,11,71,89,93
156yz,54,31,50,71,19,4,12,59,18,11,73,85,88,31,15,25,73
167abc,49,43,1,85,47,33,23,48,48,85,93,83,44,6,18,14,100
178def,29,54,34,40,91,61,52,40,37,10,30,10,89,9,48,84,51
189ghi,3,40,17,38,98,5,23,90,64,83,61,2,21,23,27,68,1
190jkl,70,57,52,89,76,61,82,72,5,90,12,32,86,13,1,57,100
201mno,39,49,74,46,15,82,68,78,34,44,34,60,47,76,88,99,43
212pqr,6,4,12,99,26,15,88,82,60,66,1,38,64,65,23,60,53
123abc,87,36,61,52,44,67,7,4,57,18,40,13,7,70,84,26,74
456def,35,40,54,35,82,60,11,45,38,66,85,29,17,1,67,27,55
789ghi,24,6,51,51,42,11,69,26,56,65,98,19,24,27,86,100,63
101jkl,38,52,47,40,54,72,73,79,76,49,88,12,75,96,56,53,100
112mno,98,46,76,44,17,37,6,61,53,11,86,42,46,40,52,93,88
123pqr,81,43,2,23,87,3,41,24,4,42,76,16,64,34,64,67,68
abc123,7,32,54,30,9,42,98,53,17,89,10,62,80,68,84,25,42
def456,88,90,76,92,7,83,77,88,24,36,31,59,70,25,24,43,14
ghi789,67,54,10,20,14,7,17,28,38,38,11,48,54,31,82,76,1
jkl012,95,60,52,42,60,24,54,99,20,33,18,50,50,28,2,6,92
mno123,15,72,82,37,83,44,9,37,82,35,94,39,78,55,8,23,11
pqr456,83,71,15,28,53,2,25,23,98,56,71,28,14,79,34,78,34
stu789,21,99,52,74,98,73,85,92,64,48,46,9,71,78,72,6,14
vwx012,60,85,55,96,42,74,83,15,56,82,43,98,43,93,57,89,22
yz123,96,35,76,20,78,39,37,38,65,39,98,54,43,19,55,79,37
abc456,40,50,68,28,29,19,18,82,75,47,51,29,3,14,25,2,55
def789,8,50,7,31,10,58,92,2,32,80,51,59,28,58,41,69,56
ghi012,74,29,7,64,47,19,10,7,46,14,51,69,100,88,69,81,57
jkl345,97,49,44,78,9,40,54,46,74,88,51,67,71,60,84,35,31
mno678,41,7,74,64,12,88,76,43,85,68,24,34,91,61,51,9,47
pqr901,41,93,63,14,92,96,60,25,2,44,44,62,56,75,15,5,14
stu123,96,45,81,29,7,2,52,15,60,68,80,46,68,50,50,55,39
vwx456,47,68,13,4,76,77,48,50,76,69,41,32,52,87,66,62,55
yz789,16,16,50,61,89,34,74,20,31,38,96,49,45,73,28,35,53
abc012,84,87,2,58,17,49,47,100,23,30,55,83,32,67,81,12,73
def345,64,57,10,9,92,44,88,92,73,80,14,51,80,9,86,5,28
ghi678,55,59,69,50,81,66,82,77,38,55,55,54,87,43,60,4,35
jkl901,65,4,64,21,40,61,8,70,61,87,80,22,32,77,40,76,38
mno234,8,18,10,15,50,13,29,70,23,22,53,46,78,37,12,79,23
pqr567,76,56,17,74,18,10,5,56,19,63,42,6,48,53,97,19,82
stu890,75,35,4,77,28,28,82,12,14,61,63,14,23,63,20,49,21
vwx123,94,43,6,31,27,53,22,79,88,49,53,81,86,56,28,19,57
yz456,15,95,16,19,72,56,51,94,45,49,47,23,86,94,97,94,69
abc789,3,61,60,5,96,19,42,40,26,9,74,23,85,91,42,77,40
def012,87,84,87,73,39,84,21,44,50,56,44,55,7,13,5,40,19
ghi345,18,26,5,39,12,86,65,51,72,24,6,75,100,62,96,71,24
jkl678,24,36,83,91,54,33,10,93,14,52,26,30,73,45,61,65,11
mno901,82,89,17,15,90,41,22,12,14,55,59,32,85,31,100,72,100
pqr234,48,75,24,10,2,45,19,59,43,19,78,67,49,7,84,89,27
stu567,95,59,44,90,61,75,42,37,63,86,76,88,49,15,87,28,97
vwx890,6,93,2,19,5,86,1,37,97,10,95,73,91,3,9,40,33
yz123,51,36,78,35,31,87,5,14,20,8,94,77,66,51,35,32,45
abc567,23,19,37,28,85,36,77,52,53,26,54,74,87,54,28,65,5
def890,1,57,16,2,18,93,43,28,23,72,85,8,84,30,20,51,40
ghi123,17,31,53,47,64,83,56,68,39,30,36,73,93,49,20,78,93
jkl456,67,94,25,100,61,28,32,48,31,92,28,38,35,85,6,14,45
mno789,12,22,93,4,88,77,30,50,60,5,78,91,18,45,85,88,20
pqr012,23,67,32,39,61,30,1,41,37,6,14,29,21,75,11,88,37
stu345,15,39,39,25,8,16,75,15,33,34,33,60,12,61,98,38,3
vwx678,34,82,93,70,72,60,54,9,57,70,20,25,68,52,20,35,91
yz901,38,68,12,52,21,100,54,28,84,49,100,94,45,77,22,82,1
abc901,34,61,98,38,11,19,75,97,78,43,6,43,97,31,16,50,13
def234,45,71,17,25,34,100,75,26,69,72,2,68,15,46,56,18,59
ghi567,52,53,68,47,24,9,53,70,36,42,85,8,78,62,10,31,50
jkl890,3,9,44,89,9,33,54,7,13,64,5,14,3,35,17,40,39
mno123,50,80,99,19,49,60,97,43,75,35,60,44,81,34,75,64,87
pqr456,98,98,63,49,76,74,97,84,76,50,50,40,19,21,84,58,10
stu789,56,89,65,76,3,7,64,34,14,77,97,66,62,96,73,19,73
vwx012,60,17,58,24,47,76,26,98,37,36,29,40,55,67,82,93,36
yz345,85,45,72,19,28,78,54,65,92,49,72,17,67,43,79,67,99
abc234,65,99,1,16,52,78,66,30,97,83,62,77,24,78,68,57,84
def567,61,1,38,41,2,38,93,81,55,90,61,72,13,73,5,27,76
ghi890,28,82,99,90,9,46,6,89,19,45,98,65,33,79,16,67,26
jkl123,32,23,14,21,48,52,59,63,67,61,50,27,34,85,16,28,19
mno456,19,24,67,1,42,84,83,67,26,74,47,62,55,81,89,59,11
pqr789,99,18,77,29,93,91,12,23,17,45,63,9,30,33,95,52,25
stu012,34,63,65,17,46,76,73,61,90,3,24,39,56,11,83,57,83
vwx345,23,64,65,15,40,13,14,89,94,16,51,43,55,5,70,47,9
yz678,61,86,71,21,53,35,7,99,89,17,71,62,65,21,17,22,89
abc678,68,1,45,26,69,84,97,70,58,47,7,55,14,55,42,77,46
def901,74,92,30,14,43,19,6,69,55,14,50,6,55,20,85,64,16
ghi234,60,33,1,10,74,39,8,82,62,13,57,26,13,71,61,5,38
jkl567,56,9,98,48,18,6,26,100,12,30,66,45,93,3,74,70,14
mno890,63,87,56,45,12,10,57,46,19,98,93,36,92,74,43,22,61
pqr123,12,96,41,2,69,6,44,99,1,50,46,35,85,91,13,50,98
stu456,12,81,62,60,81,87,92,16,26,11,5,70,61,57,31,15,15
vwx789,77,71,60,10,29,98,6,68,9,36,58,40,89,83,84,26,54
yz012,65,10,47,75,73,100,10,30,36,35,61,61,90,69,96,44,92
abc890,2,93,8,96,81,36,40,26,48,71,8,63,81,6,86,78,47
def123,74,32,81,85,13,46,89,26,34,90,28,67,35,9,100,50,82
ghi456,23,61,50,42,77,100,90,21,23,72,3,92,87,7,2,76,86
jkl789,93,10,2,32,45,64,72,20,36,10,40,29,92,24,7,20,40
mno012,90,85,43,76,28,71,82,37,85,6,92,65,32,37,27,92,95
pqr345,88,72,9,66,26,5,9,52,47,11,65,15,41,53,58,99,12
stu678,87,68,10,35,93,49,18,59,69,76,71,83,72,99,90,87,25
vwx901,99,70,8,5,32,1,58,5,35,30,39,6,22,95,21,2,13
yz234,41,15,67,90,27,10,43,83,26,91,14,29,57,28,67,98,74
abc123,91,16,87,81,69,38,70,9,32,95,95,93,90,85,27,54,87
def456,18,78,3,4,6,38,73,8,40,54,25,95,61,65,36,56,51
ghi789,73,25,56,30,30,41,35,96,5,15,84,38,75,96,88,9,89
jkl012,34,95,60,47,5,9,40,24,64,15,66,100,32,24,88,38,54
mno345,18,16,81,11,83,33,66,50,35,61,28,65,4,6,62,32,51
pqr678,4,7,11,43,19,46,28,5,43,91,19,54,22,5,92,2,96
stu901,100,88,76,40,12,31,29,2,74,40,81,93,29,56,65,5,60
vwx234,63,94,4,29,11,67,33,70,20,23,52,9,61,62,18,66,19
yz567,53,3,26,26,17,37,30,5,57,11,22,23,15,28,67,70,1
abc124,66,21,35,37,10,72,44,91,38,22,100,65,2,5,9,8,40
def457,35,77,67,6,76,71,68,61,95,35,87,70,30,29,12,67,65
ghi790,57,99,59,67,53,67,25,73,49,41,46,45,80,81,33,96,45
jkl013,66,16,89,68,10,13,31,27,90,88,83,12,85,2,64,21,57
mno124,42,27,94,33,7,3,3,88,47,87,12,10,77,91,79,12,64
pqr457,54,73,13,61,80,33,85,52,77,56,84,26,8,2,6,82,66
stu790,29,20,43,69,96,33,54,77,46,10,67,37,57,97,58,58,79
vwx013,49,8,80,33,7,56,93,88,19,72,34,85,18,35,16,5,98
yz124,37,62,50,47,17,20,70,45,83,56,82,75,12,33,8,93,19
abc457,76,73,93,27,65,40,31,97,38,45,44,93,40,88,66,51,52
def790,76,13,78,2,92,44,47,87,35,8,92,98,11,57,59,44,5
ghi013,45,79,52,99,97,68,34,53,24,78,10,65,100,12,55,75,100
jkl346,76,99,2,53,85,52,49,81,61,34,60,86,65,81,56,21,64
mno679,66,35,32,92,37,93,81,100,96,37,34,24,45,21,22,33,83
pqr902,34,76,38,77,26,45,58,26,67,82,38,96,100,25,97,21,66
stu124,83,30,50,64,37,24,92,76,50,62,59,100,93,46,24,97,30
vwx457,19,29,66,59,49,43,96,77,17,66,87,91,76,74,41,89,4
yz790,68,63,91,44,53,72,19,24,12,29,56,34,62,18,25,89,62
abc013,2,47,80,53,15,6,75,86,89,54,86,48,35,15,85,26,81
def346,65,22,76,56,59,19,22,77,74,62,80,70,13,93,54,40,99
ghi679,51,2,19,48,82,1,62,12,37,41,2,50,74,90,14,93,90
jkl902,65,89,76,20,7,11,22,85,71,23,2,89,76,48,58,84,50
mno235,52,42,61,5,60,80,44,75,57,35,3,11,12,65,39,57,16
pqr568,80,70,9,31,26,72,39,16,30,63,47,95,46,29,2,44,61
stu891,83,59,80,83,2,55,77,71,96,39,49,49,43,31,35,94,16
vwx124,81,37,2,75,10,25,15,27,53,60,71,17,10,95,94,74,89
yz457,90,65,49,61,16,80,75,63,79,66,88,27,19,6,12,5,52
abc790,89,63,88,12,14,85,67,14,23,15,92,88,33,77,66,37,18
def013,2,96,33,25,64,50,94,3,37,26,27,93,93,10,94,51,71
ghi346,81,76,3,96,15,98,8,68,25,2,5,51,90,46,30,19,15
jkl679,56,97,3,38,17,47,71,47,19,52,20,79,59,51,12,32,74
mno902,5,50,11,19,59,32,13,55,51,72,10,36,44,54,83,48,59
pqr235,43,6,13,16,43,24,70,98,31,36,16,55,12,71,14,73,76
stu568,6,21,82,90,36,3,42,79,86,3,54,54,6,3,34,77,64
vwx891,88,98,45,40,16,31,78,58,87,70,95,87,47,15,21,88,48
yz124,100,15,95,13,8,11,37,69,70,18,66,44,71,11,41,52,8
abc568,57,85,31,37,91,95,50,40,77,14,35,30,48,39,91,6,76
def891,50,19,54,59,27,4,4,30,81,21,26,7,37,29,5,46,39
ghi124,40,47,2,70,57,68,68,93,25,61,3,27,18,61,9,63,44
jkl457,61,32,56,16,61,12,36,28,90,12,37,98,24,57,79,43,19
mno790,7,38,91,97,69,95,14,21,100,97,83,20,93,67,69,94,16
pqr013,41,42,60,37,55,16,79,39,14,78,27,7,93,14,39,95,11
stu346,43,60,52,97,78,77,1,4,9,48,14,85,8,95,20,100,73
vwx679,19,71,26,34,64,28,2,87,64,19,96,97,5,35,27,86,33
yz902,31,19,45,29,14,68,57,15,53,44,40,75,30,68,67,79,79
abc902,3,3,89,54,93,70,95,95,3,92,59,85,5,73,35,20,47
def235,20,50,72,25,11,31,16,74,5,12,42,10,1,80,51,78,77
ghi568,12,66,78,54,84,34,98,2,66,26,73,88,70,63,3,95,92
jkl891,85,46,8,38,8,10,86,58,59,48,20,18,35,19,50,63,78
mno124,27,80,96,88,93,89,61,22,50,81,62,7,15,74,40,57,86
pqr457,49,54,36,64,98,3,3,56,98,23,34,60,44,73,16,65,53
stu790,3,18,6,5,92,16,97,43,18,59,56,38,81,26,93,45,25
vwx013,83,33,31,69,55,35,87,75,34,5,50,68,12,24,71,83,1
yz346,39,7,97,21,8,44,68,76,90,29,25,71,12,40,53,10,71
abc235,16,99,53,27,36,6,5,11,100,14,86,61,63,85,51,78,46
def568,31,45,99,69,13,34,71,90,53,57,88,45,56,16,58,93,2
ghi891,9,93,38,44,99,77,31,15,18,33,9,87,30,1,82,68,63
jkl124,17,23,18,18,87,59,81,44,27,47,6,45,26,95,24,85,33
mno457,45,10,11,35,60,60,23,8,92,85,40,25,67,45,14,93,65
pqr790,61,55,29,16,73,37,2,21,15,59,28,93,8,21,89,45,89
stu013,11,11,2,95,57,51,40,82,76,53,81,82,37,78,40,61,66
vwx346,17,18,41,31,21,82,88,84,51,25,85,35,18,20,25,3,72
yz679,99,22,97,34,25,11,11,71,47,83,96,73,52,97,64,71,33
abc679,99,86,31,92,100,14,4,64,46,65,3,18,66,44,43,85,14
def902,76,95,99,66,63,27,4,21,48,97,95,46,57,96,31,32,64
ghi235,13,92,7,14,35,88,13,5,26,18,88,69,25,14,16,60,73
jkl568,9,19,6,43,29,9,64,69,32,23,75,65,11,30,60,31,52
mno891,42,48,37,58,76,80,96,58,98,20,23,40,20,66,99,42,11
pqr124,13,7,97,19,45,8,70,67,28,21,66,31,47,45,75,53,34
stu457,43,33,76,17,81,6,92,90,72,33,46,99,46,58,6,79,9
vwx790,85,18,19,2,72,91,93,68,31,71,29,78,46,45,44,6,38
yz013,9,68,26,61,25,52,72,60,66,4,52,74,26,44,78,2,97
abc891,19,19,73,83,52,3,95,31,17,99,18,11,85,67,65,14,61
def124,1,88,45,53,57,30,70,93,37,54,59,31,12,24,91,78,80
ghi457,100,67,42,6,69,54,18,63,36,7,55,13,28,52,51,100,42
jkl790,68,16,50,45,17,44,15,30,39,48,37,79,13,56,17,68,14
mno013,44,40,87,4,44,48,86,32,74,9,78,76,95,70,36,61,50
pqr346,100,73,74,1,19,1,1,41,41,49,4,10,84,16,47,58,11
stu679,1,46,70,90,43,49,11,93,74,61,20,28,70,78,61,63,50
vwx902,32,32,14,66,4,74,43,40,45,51,29,63,87,8,4,12,60
yz235,19,42,76,11,76,100,99,8,78,31,38,97,83,76,28,80,52
abc124,90,71,49,33,28,78,67,41,84,49,24,30,61,49,94,61,52
def457,39,80,26,15,6,31,72,83,54,75,32,59,97,41,74,57,39
ghi790,86,34,43,90,56,62,92,3,6,70,62,99,85,24,47,26,74
jkl013,48,3,42,75,60,3,90,9,64,21,67,76,77,4,33,20,90
mno346,52,34,83,15,94,3,90,40,71,38,12,19,13,40,48,32,10
pqr679,88,54,63,51,2,7,23,98,78,39,75,22,28,50,83,32,71
stu902,71,73,18,33,75,8,54,19,70,40,33,93,26,19,6,40,7
vwx235,63,45,96,82,14,23,65,42,96,56,19,100,85,79,83,96,78
yz568,88,46,47,49,90,96,95,67,14,14,40,46,4,70,9,66,82
abc125,45,3,87,36,80,24,7,98,77,50,59,22,90,57,89,59,8
def458,83,99,99,75,32,22,67,67,61,22,100,64,6,44,73,78,92
ghi791,27,8,3,33,92,69,75,79,77,31,10,99,45,66,68,76,7
jkl014,94,88,48,86,24,8,85,19,93,55,4,13,29,23,73,64,42
mno125,70,40,34,7,100,76,31,66,79,44,40,59,5,79,20,94,35
pqr458,6,28,3,54,99,8,38,23,21,59,39,96,29,51,34,91,82
stu791,54,18,62,13,35,98,57,39,20,9,32,100,41,52,71,41,35
vwx014,27,85,31,55,6,89,7,86,51,14,80,48,52,9,11,1,36
yz125,22,46,25,1,94,79,46,55,73,32,69,23,46,92,76,56,62
abc458,97,92,41,31,3,81,10,71,96,9,8,38,14,16,14,94,29
def791,100,65,32,47,17,83,77,81,60,58,76,52,70,87,89,51,69
ghi014,46,65,50,33,78,39,97,1,49,32,75,1,77,16,10,48,95
jkl347,4,83,82,98,3,32,11,78,84,54,4,84,94,79,4,77,39
mno680,28,51,14,54,57,41,18,57,50,92,12,69,66,65,27,51,71
pqr903,96,48,69,56,48,24,43,39,91,37,6,89,65,78,82,10,88
stu125,32,31,79,91,35,26,50,58,3,10,57,18,50,26,57,28,2
vwx458,11,13,14,58,29,94,87,87,9,5,39,70,3,1,46,70,51
yz791,74,99,12,94,1,28,12,91,13,4,74,97,57,18,5,6,75
abc014,36,6,46,38,28,40,100,95,10,18,1,56,63,89,6,66,93
def347,41,55,84,29,3,27,41,65,23,2,75,79,61,17,69,5,26
ghi680,76,15,16,93,42,69,74,78,18,37,69,45,45,100,46,39,23
jkl903,30,19,90,34,20,23,89,94,60,71,5,20,2,75,85,65,83
mno236,30,32,14,87,18,45,21,81,87,31,13,3,6,59,9,26,23
pqr569,3,99,10,47,7,84,2,98,75,56,66,28,39,76,59,58,87
stu892,12,68,39,3,69,19,90,33,64,78,54,91,54,38,35,58,12
vwx125,37,31,97,65,58,61,37,7,24,1,64,28,29,88,8,7,22
yz458,38,64,55,47,73,73,50,74,50,2,92,42,47,50,48,59,5
abc791,39,87,60,48,73,37,35,55,90,56,78,47,77,63,89,19,38
def014,61,23,38,80,72,74,66,82,26,57,35,13,19,20,57,87,78
ghi347,35,2,85,5,36,43,67,60,37,60,60,86,48,3,39,17,15
jkl680,88,22,80,88,1,37,25,87,20,24,65,51,56,29,52,45,4
mno903,17,1,93,58,12,40,59,98,61,61,18,35,52,88,3,15,8
pqr236,86,70,62,11,31,3,42,17,56,23,49,66,85,49,90,89,99
stu569,99,83,66,56,94,59,27,10,1,10,84,66,46,32,7,66,9
vwx892,28,70,89,50,38,54,97,34,58,1,96,42,39,10,31,43,49
yz125,81,17,54,73,97,63,19,22,18,53,21,35,98,12,41,90,82
abc569,31,15,72,21,72,27,48,14,73,28,17,25,92,1,28,57,88
def892,7,47,12,86,32,5,14,86,74,77,41,26,62,4,61,18,65
ghi125,64,20,38,75,65,2,3,49,44,32,71,73,63,60,70,41,64
jkl458,45,46,46,96,57,10,13,91,86,10,98,19,70,48,9,4,53
mno791,85,90,14,85,72,81,27,23,68,77,52,70,70,58,36,32,76
pqr014,96,52,86,64,68,58,36,67,40,46,67,80,47,18,17,75,87
stu347,69,39,76,17,73,84,94,36,45,10,22,27,43,17,21,65,2
vwx680,100,89,71,70,20,66,98,60,29,85,97,81,100,35,100,86,1
yz903,29,68,52,88,81,8,56,72,94,85,90,55,2,8,84,55,60
abc903,55,17,6,40,90,65,71,31,68,92,27,22,71,28,73,4,92
def236,40,75,76,52,96,70,80,49,61,91,50,42,35,94,32,43,92
ghi569,62,54,72,6,27,15,60,61,42,22,37,80,88,22,58,57,31
jkl892,54,25,65,49,8,93,20,3,93,96,17,86,45,56,7,42,77
mno125,59,85,37,76,68,16,51,22,25,66,43,50,93,97,55,66,56
pqr458,5,45,17,23,16,67,81,93,11,99,7,31,23,69,17,32,78
stu791,13,98,98,64,36,19,99,32,20,65,92,54,20,67,93,56,54
vwx014,40,47,16,26,79,87,5,82,17,53,46,6,9,57,79,6,4
yz347,97,74,43,56,47,97,31,86,36,14,35,43,84,46,97,81,24
abc236,81,88,97,7,67,51,65,60,88,62,30,4,50,30,21,65,88
def569,58,40,14,46,4,41,76,4,38,47,15,65,90,95,68,1,10
ghi892,16,33,5,29,78,56,66,88,5,29,73,42,93,1,52,35,89
jkl125,70,40,77,8,67,44,13,58,39,13,61,7,42,63,99,5,31
mno458,32,97,89,66,72,98,89,41,85,44,67,55,44,5,4,45,85
pqr791,9,45,22,60,32,76,21,67,94,39,62,81,33,20,80,69,30
stu014,8,3,55,91,66,16,32,94,59,97,25,58,62,98,3,89,41
vwx347,6,42,59,65,62,1,33,73,2,9,66,81,30,7,24,13,81
yz680,55,57,24,54,36,7,6,14,24,13,44,71,99,50,92,58,33
abc680,47,90,13,55,27,42,32,16,32,57,29,27,58,16,35,90,52
def903,100,40,42,56,78,85,70,9,3,10,58,96,4,14,82,64,15
ghi236,93,3,87,75,30,38,85,23,29,78,38,88,55,5,36,96,22
jkl569,11,33,31,35,99,27,13,86,38,10,38,34,9,93,85,86,23
mno892,30,22,44,70,99,76,69,49,53,84,14,18,4,1,51,27,38
pqr125,69,87,26,45,92,28,14,78,87,49,30,10,44,35,24,71,82
stu458,45,4,88,8,94,35,52,28,15,44,27,59,1,18,20,13,61
vwx791,40,16,49,7,69,35,64,99,15,9,47,44,58,51,26,66,54
yz014,99,22,69,67,22,5,62,21,40,69,25,64,87,45,39,75,90
abc892,96,97,3,41,66,53,46,61,70,52,35,17,77,100,45,100,34
def125,9,84,24,49,42,9,10,71,97,10,34,60,34,84,35,94,39
ghi458,18,47,18,74,85,85,2,40,84,61,7,77,62,83,100,39,72
jkl791,37,9,98,78,46,66,88,79,32,62,40,25,71,29,70,7,64
mno014,9,26,40,27,61,75,67,26,58,72,5,12,7,68,39,83,39
pqr347,84,55,31,61,10,78,34,99,97,68,21,33,11,26,13,86,92
stu680,10,20,56,27,30,5,41,27,64,49,98,47,78,71,72,2,70
vwx903,40,28,73,14,49,61,83,96,40,41,53,21,4,28,7,5,86
yz236,51,38,40,33,22,33,61,51,21,16,11,21,33,9,61,91,67
abc125,80,43,12,25,94,2,5,27,6,28,46,12,3,62,92,20,71
def458,83,45,61,85,76,71,91,47,75,14,52,49,87,82,60,55,51
ghi791,41,86,72,76,2,62,34,80,12,99,86,74,24,27,35,34,42
jkl014,71,67,62,94,62,7,25,62,58,53,19,18,54,22,96,15,63
mno347,41,96,6,27,64,85,52,18,59,87,82,79,41,51,46,62,88
pqr680,27,83,59,64,15,61,26,50,69,92,5,26,96,75,72,69,100
stu903,92,56,19,83,60,27,90,75,4,60,84,16,10,59,15,77,14
vwx236,45,59,1,47,23,43,70,13,5,34,14,30,22,23,68,81,70
yz569,55,23,68,38,48,82,92,30,84,70,90,42,55,27,66,70,76
abc126,79,73,10,14,98,70,71,62,49,16,63,13,3,5,43,27,74
def459,62,27,19,33,30,6,62,77,36,11,100,68,17,43,39,82,7
ghi792,7,42,68,56,12,50,37,99,28,59,79,74,57,59,62,80,30
jkl015,49,9,12,21,61,15,65,60,60,48,62,94,84,86,43,25,34
mno126,12,85,46,72,25,39,4,84,8,58,29,58,75,29,49,55,69
pqr459,53,55,30,84,4,61,59,70,50,21,71,28,77,55,91,72,10
stu792,4,23,83,74,47,2,51,25,33,15,80,53,98,9,89,81,72
vwx015,47,67,90,61,19,3,14,58,79,20,89,54,57,94,77,56,40
yz126,51,100,48,39,4,98,66,22,75,14,74,69,72,7,39,13,35
abc459,17,34,20,13,45,89,59,53,22,58,33,35,94,23,55,87,54
def792,14,93,99,79,2,41,69,73,34,97,23,61,100,84,52,47,17
ghi015,26,3,91,32,72,25,48,73,52,27,97,50,72,42,92,42,52
jkl348,3,26,26,29,77,18,22,61,70,18,64,37,6,86,48,73,27
mno681,60,81,64,26,96,89,77,74,93,45,2,87,11,56,35,45,15
pqr904,78,96,40,3,63,32,58,19,43,24,40,66,74,17,32,67,55
stu126,88,36,10,97,49,98,46,93,74,87,26,32,12,88,81,65,96
vwx459,10,71,77,99,48,35,67,48,13,69,2,51,80,59,20,60,76
yz792,57,46,83,52,93,24,50,9,44,46,36,15,96,100,48,99,85
abc015,70,90,32,50,62,4,67,49,6,51,13,72,36,30,60,85,32
def348,64,78,71,19,70,40,89,38,83,5,90,30,24,10,93,75,100
ghi681,78,57,37,96,97,69,90,38,2,62,23,2,51,47,28,68,81
jkl904,37,74,44,23,64,59,65,59,48,26,89,75,62,1,29,74,47
mno237,30,81,44,40,92,73,15,62,42,17,11,13,25,43,48,34,80
pqr570,67,22,6,47,7,40,20,38,2,62,38,86,14,18,59,42,36
stu893,57,21,64,25,96,24,27,88,46,73,100,48,20,35,89,35,85
vwx126,32,100,9,73,11,82,59,63,92,18,34,94,95,5,81,87,98
yz459,27,84,39,46,15,55,71,51,80,29,83,67,22,99,82,30,91
abc792,7,96,45,89,80,28,84,61,86,27,14,32,38,53,23,78,76
def015,32,49,41,62,32,18,98,68,79,14,47,77,99,24,27,48,58
def016,54,81,63,53,87,44,67,47,67,31,96,100,37,19,71,94,36
